cycle,100,101,102,103,104,105,106,107,108,109,110,111,112,113,114,115,116,117,118,119,120,121,122,123,124,125,126,127,128,129
cReq_st1_v,0,1,0,0,0,0,0,0,0,1,1,0,0,0,0,0,0,0,0,0,0,0,0,0,0,0,0,0,0,0
cReq_st1_wid,0,31,31,31,31,31,31,31,31,16,17,17,17,17,17,17,17,17,17,17,17,17,17,17,17,17,17,17,17,17
cRsp_st2_v,0,0,0,0,0,0,0,0,0,1,1,1,0,0,0,0,0,0,0,0,0,0,0,0,0,0,0,0,0,0
cRsp_st2_wid,0,0,0,0,0,0,0,0,0,31,16,17,17,17,17,17,17,17,17,17,17,17,17,17,17,17,17,17,17,17
mRsp_st1,0,0,0,0,0,0,0,0,1,0,0,0,0,0,0,0,0,0,0,0,0,0,0,0,0,0,0,0,0,0
mRsp_st2_d_source,4294967295,4294967295,4294967295,4294967295,4294967295,4294967295,4294967295,4294967295,5,5,5,5,5,5,5,5,5,5,5,5,5,5,5,5,5,5,5,5,5,5
cReq_v,1,0,0,0,0,0,0,1,1,1,0,0,0,0,0,0,0,0,0,0,0,0,0,0,0,0,0,0,0,0
cReq_op,0,0,0,0,0,0,0,1,1,0,0,0,0,0,0,0,0,0,0,0,0,0,0,0,0,0,0,0,0,0
cReq_type,0,0,0,0,0,0,0,0,0,0,0,0,0,0,0,0,0,0,0,0,0,0,0,0,0,0,0,0,0,0
cReq_wid,31,31,31,31,31,31,31,16,16,17,17,17,17,17,17,17,17,17,17,17,17,17,17,17,17,17,17,17,17,17
cReq_id,5,5,5,5,5,5,5,99,99,5,5,5,5,5,5,5,5,5,5,5,5,5,5,5,5,5,5,5,5,5
cReq_block_idx,2,2,2,2,2,2,2,2,2,2,2,2,2,2,2,2,2,2,2,2,2,2,2,2,2,2,2,2,2,2
cReq_block_offset_0,2,2,2,2,2,2,2,1,1,1,1,1,1,1,1,1,1,1,1,1,1,1,1,1,1,1,1,1,1,1
cReq_mask_0,1,1,1,1,1,1,1,1,1,1,1,1,1,1,1,1,1,1,1,1,1,1,1,1,1,1,1,1,1,1
cReq_mask_1,0,0,0,0,0,0,0,0,0,0,0,0,0,0,0,0,0,0,0,0,0,0,0,0,0,0,0,0,0,0
cReq_data_0,0,0,0,0,0,0,0,88,88,0,0,0,0,0,0,0,0,0,0,0,0,0,0,0,0,0,0,0,0,0
cRsp_v,0,0,0,0,0,0,0,0,0,0,1,1,1,0,0,0,0,0,0,0,0,0,0,0,0,0,0,0,0,0
cRsp_wid,0,0,0,0,0,0,0,0,0,0,31,16,17,0,0,0,0,0,0,0,0,0,0,0,0,0,0,0,0,0
cRsp_id,0,0,0,0,0,0,0,0,0,0,5,99,5,0,0,0,0,0,0,0,0,0,0,0,0,0,0,0,0,0
cRsp_mask_0,0,0,0,0,0,0,0,0,0,0,1,1,1,0,0,0,0,0,0,0,0,0,0,0,0,0,0,0,0,0
cRsp_wxd,0,0,0,0,0,0,0,0,0,0,1,1,1,0,0,0,0,0,0,0,0,0,0,0,0,0,0,0,0,0
cRsp_data_0,0,0,0,0,0,0,0,0,0,0,100,0,88,0,0,0,0,0,0,0,0,0,0,0,0,0,0,0,0,0
d_v,x,x,x,x,x,x,x,1,x,x,x,x,x,x,x,x,x,x,x,x,x,x,x,x,x,x,x,x,x,x
d_op,x,x,x,x,x,x,x,1,x,x,x,x,x,x,x,x,x,x,x,x,x,x,x,x,x,x,x,x,x,x
d_source,x,x,x,x,x,x,x,5,x,x,x,x,x,x,x,x,x,x,x,x,x,x,x,x,x,x,x,x,x,x
d_mask_0,x,x,x,x,x,x,x,1,x,x,x,x,x,x,x,x,x,x,x,x,x,x,x,x,x,x,x,x,x,x
d_mask_1,x,x,x,x,x,x,x,1,x,x,x,x,x,x,x,x,x,x,x,x,x,x,x,x,x,x,x,x,x,x
d_data_0,x,x,x,x,x,x,x,80,x,x,x,x,x,x,x,x,x,x,x,x,x,x,x,x,x,x,x,x,x,x
a_v,0,0,0,1,0,0,0,0,0,0,0,0,0,0,0,0,0,0,0,0,0,0,0,0,0,0,0,0,0,0
a_op,-1,-1,-1,4,4,4,4,4,4,4,4,4,4,4,4,4,4,4,4,4,4,4,4,4,4,4,4,4,4,4
a_param,4294967295,4294967295,4294967295,0,0,0,0,0,0,0,0,0,0,0,0,0,0,0,0,0,0,0,0,0,0,0,0,0,0,0
a_source,4294967295,4294967295,4294967295,5,5,5,5,5,5,5,5,5,5,5,5,5,5,5,5,5,5,5,5,5,5,5,5,5,5,5
a_addr,4294967295,4294967295,4294967295,8,8,8,8,8,8,8,8,8,8,8,8,8,8,8,8,8,8,8,8,8,8,8,8,8,8,8
a_mask_0,255,255,255,1,1,1,1,1,1,1,1,1,1,1,1,1,1,1,1,1,1,1,1,1,1,1,1,1,1,1
a_mask_1,255,255,255,1,1,1,1,1,1,1,1,1,1,1,1,1,1,1,1,1,1,1,1,1,1,1,1,1,1,1
a_data,4294967295,4294967295,4294967295,4294967295,4294967295,4294967295,4294967295,4294967295,4294967295,4294967295,4294967295,4294967295,4294967295,4294967295,4294967295,4294967295,4294967295,4294967295,4294967295,4294967295,4294967295,4294967295,4294967295,4294967295,4294967295,4294967295,4294967295,4294967295,4294967295,4294967295
